step,_epoch_,train,train_epoch_f1_at_008,train_epoch_f1_at_01,train_epoch_f1_at_02,train_epoch_f1_at_03,train_epoch_mAP,valid,valid_epoch_f1_at_008,valid_epoch_f1_at_01,valid_epoch_f1_at_02,valid_epoch_f1_at_03,valid_epoch_mAP
1,{'lr': 0.0007758770483143634, 'momentum': 0.9},{'f1_at_008': 0.008438907851748022, 'f1_at_01': 0.0012979199772522197, 'f1_at_02': 0.0003608964604975374, 'f1_at_03': 0.0005288587573869565, 'mAP': 0.008513987363825762, 'loss': 0.07322158059579527, 'loss/mean': 0.07322158059579527, 'loss/std': 0.47168080489478137, 'lr': 0.0008, 'momentum': 0.9},0.008438907851748022,0.0012979199772522197,0.0003608964604975374,0.0005288587573869565,0.008513987363825762,{'f1_at_008': 0.07084955148221166, 'f1_at_01': 0.046292652334389124, 'f1_at_02': 0.0, 'f1_at_03': 0.0, 'mAP': 0.014354471914636423, 'loss': 0.009595194643407868, 'loss/mean': 0.009595194643407868, 'loss/std': 0.001599706818463215, 'lr': 0.0008, 'momentum': 0.9},0.07084955148221166,0.046292652334389124,0.0,0.0,0.014354471914636423
2,{'lr': 0.0007064177772475911, 'momentum': 0.9},{'f1_at_008': 0.06330522389355821, 'f1_at_01': 0.024950200600398396, 'f1_at_02': 8.416799932665601e-05, 'f1_at_03': 0.0, 'mAP': 0.014564146471818072, 'loss': 0.010526201846331231, 'loss/mean': 0.010526201846331231, 'loss/std': 0.000711538795143992, 'lr': 0.0007758770483143634, 'momentum': 0.9},0.06330522389355821,0.024950200600398396,8.416799932665601e-05,0.0,0.014564146471818072,{'f1_at_008': 0.09412568774903127, 'f1_at_01': 0.10819990062669295, 'f1_at_02': 0.01460787613598115, 'f1_at_03': 0.0, 'mAP': 0.030494190636819046, 'loss': 0.008641985754439502, 'loss/mean': 0.008641985754439502, 'loss/std': 0.0017992068325327615, 'lr': 0.0007758770483143634, 'momentum': 0.9},0.09412568774903127,0.10819990062669295,0.01460787613598115,0.0,0.030494190636819046
3,{'lr': 0.0006000000000000001, 'momentum': 0.9},{'f1_at_008': 0.11032041329785627, 'f1_at_01': 0.09523094763815242, 'f1_at_02': 0.004825631961394944, 'f1_at_03': 8.416799932665601e-05, 'mAP': 0.02516267463627282, 'loss': 0.009367972309334689, 'loss/mean': 0.009367972309334689, 'loss/std': 0.0005096111285786243, 'lr': 0.0007064177772475911, 'momentum': 0.9},0.11032041329785627,0.09523094763815242,0.004825631961394944,8.416799932665601e-05,0.02516267463627282,{'f1_at_008': 0.10581152775947036, 'f1_at_01': 0.14023426552877916, 'f1_at_02': 0.033770896443397286, 'f1_at_03': 0.005946370470099854, 'mAP': 0.04916291984092515, 'loss': 0.008130390704548329, 'loss/mean': 0.008130390704548329, 'loss/std': 0.0018410427341470532, 'lr': 0.0007064177772475911, 'momentum': 0.9},0.10581152775947036,0.14023426552877916,0.033770896443397286,0.005946370470099854,0.04916291984092515
4,{'lr': 0.00046945927106677225, 'momentum': 0.9},{'f1_at_008': 0.11834590211732163, 'f1_at_01': 0.1383254369661238, 'f1_at_02': 0.01686165586510675, 'f1_at_03': 0.000813623993491008, 'mAP': 0.03472639337163077, 'loss': 0.008715999329238612, 'loss/mean': 0.008715999329238612, 'loss/std': 0.00046373865720069046, 'lr': 0.0006000000000000001, 'momentum': 0.9},0.11834590211732163,0.1383254369661238,0.01686165586510675,0.000813623993491008,0.03472639337163077,{'f1_at_008': 0.11121998461334913, 'f1_at_01': 0.14428167105716752, 'f1_at_02': 0.0666891058005161, 'f1_at_03': 0.017726915741052396, 'mAP': 0.06483286530440792, 'loss': 0.0077847322165083286, 'loss/mean': 0.0077847322165083286, 'loss/std': 0.0019478262504267277, 'lr': 0.0006000000000000001, 'momentum': 0.9},0.11121998461334913,0.14428167105716752,0.0666891058005161,0.017726915741052396,0.06483286530440792
5,{'lr': 0.0003305407289332279, 'momentum': 0.9},{'f1_at_008': 0.1288947352667049, 'f1_at_01': 0.1664875758680994, 'f1_at_02': 0.03488763572089892, 'f1_at_03': 0.006579131947366944, 'mAP': 0.05122808537499509, 'loss': 0.008252577288265197, 'loss/mean': 0.008252577288265197, 'loss/std': 0.0004897756511713357, 'lr': 0.00046945927106677225, 'momentum': 0.9},0.1288947352667049,0.1664875758680994,0.03488763572089892,0.006579131947366944,0.05122808537499509,{'f1_at_008': 0.10614385615310133, 'f1_at_01': 0.14955027329351683, 'f1_at_02': 0.11359811511275665, 'f1_at_03': 0.03904409289801414, 'mAP': 0.0819079081613433, 'loss': 0.007185690152609, 'loss/mean': 0.007185690152609, 'loss/std': 0.0019435276570412417, 'lr': 0.00046945927106677225, 'momentum': 0.9},0.10614385615310133,0.14955027329351683,0.11359811511275665,0.03904409289801414,0.0819079081613433
6,{'lr': 0.0002000000000000001, 'momentum': 0.9},{'f1_at_008': 0.1381260991256475, 'f1_at_01': 0.1853940647350293, 'f1_at_02': 0.06601576747187385, 'f1_at_03': 0.01550655107594759, 'mAP': 0.06507063835294644, 'loss': 0.00792490225857521, 'loss/mean': 0.00792490225857521, 'loss/std': 0.0004504508369701643, 'lr': 0.0003305407289332279, 'momentum': 0.9},0.1381260991256475,0.1853940647350293,0.06601576747187385,0.01550655107594759,0.06507063835294644,{'f1_at_008': 0.12349775353616406, 'f1_at_01': 0.17342559383454184, 'f1_at_02': 0.151049029507461, 'f1_at_03': 0.058790530685515534, 'mAP': 0.098267855883054, 'loss': 0.00700385011519418, 'loss/mean': 0.00700385011519418, 'loss/std': 0.002032871199893486, 'lr': 0.0003305407289332279, 'momentum': 0.9},0.12349775353616406,0.17342559383454184,0.151049029507461,0.058790530685515534,0.098267855883054
7,{'lr': 9.358222275240884e-05, 'momentum': 0.9},{'f1_at_008': 0.14821054719176913, 'f1_at_01': 0.201372521370838, 'f1_at_02': 0.09179642566562858, 'f1_at_03': 0.02703195578374435, 'mAP': 0.08254292779686287, 'loss': 0.007648746286040003, 'loss/mean': 0.007648746286040003, 'loss/std': 0.0004569762095995578, 'lr': 0.0002000000000000001, 'momentum': 0.9},0.14821054719176913,0.201372521370838,0.09179642566562858,0.02703195578374435,0.08254292779686287,{'f1_at_008': 0.12674527889046389, 'f1_at_01': 0.17959913604477726, 'f1_at_02': 0.1775288102450674, 'f1_at_03': 0.07539548973409627, 'mAP': 0.1137845417657477, 'loss': 0.0067719037007278405, 'loss/mean': 0.0067719037007278405, 'loss/std': 0.0020325281061405825, 'lr': 0.0002000000000000001, 'momentum': 0.9},0.12674527889046389,0.17959913604477726,0.1775288102450674,0.07539548973409627,0.1137845417657477
8,{'lr': 2.4122951685636676e-05, 'momentum': 0.9},{'f1_at_008': 0.1538673336118551, 'f1_at_01': 0.2104070349125479, 'f1_at_02': 0.10570538795435688, 'f1_at_03': 0.031335746149314024, 'mAP': 0.09271132473481686, 'loss': 0.0075114546521232, 'loss/mean': 0.0075114546521232, 'loss/std': 0.00044866067316625877, 'lr': 9.358222275240884e-05, 'momentum': 0.9},0.1538673336118551,0.2104070349125479,0.10570538795435688,0.031335746149314024,0.09271132473481686,{'f1_at_008': 0.13612982428062356, 'f1_at_01': 0.19532773062432315, 'f1_at_02': 0.19257264669583754, 'f1_at_03': 0.0892516548861214, 'mAP': 0.12931946142173864, 'loss': 0.006650094432522457, 'loss/mean': 0.006650094432522457, 'loss/std': 0.002047678180947599, 'lr': 9.358222275240884e-05, 'momentum': 0.9},0.13612982428062356,0.19532773062432315,0.19257264669583754,0.0892516548861214,0.12931946142173864
9,{'lr': 0.0, 'momentum': 0.9},{'f1_at_008': 0.1576526095997763, 'f1_at_01': 0.21629304819692832, 'f1_at_02': 0.11561596947507223, 'f1_at_03': 0.039424290884605674, 'mAP': 0.09925686216439004, 'loss': 0.007421796609533988, 'loss/mean': 0.007421796609533988, 'loss/std': 0.00043008178146491103, 'lr': 2.4122951685636676e-05, 'momentum': 0.9},0.1576526095997763,0.21629304819692832,0.11561596947507223,0.039424290884605674,0.09925686216439004,{'f1_at_008': 0.13359258708427366, 'f1_at_01': 0.1939925737258676, 'f1_at_02': 0.20345562661281275, 'f1_at_03': 0.09435655783686749, 'mAP': 0.12698085965361905, 'loss': 0.006603603813018572, 'loss/mean': 0.006603603813018572, 'loss/std': 0.002039861756694972, 'lr': 2.4122951685636676e-05, 'momentum': 0.9},0.13359258708427366,0.1939925737258676,0.20345562661281275,0.09435655783686749,0.12698085965361905
10,{'lr': 2.412295168563663e-05, 'momentum': 0.9},{'f1_at_008': 0.16103799840229802, 'f1_at_01': 0.21951500229422966, 'f1_at_02': 0.11568610947451112, 'f1_at_03': 0.037872794097017645, 'mAP': 0.10240103839979647, 'loss': 0.007392976016565618, 'loss/mean': 0.007392976016565618, 'loss/std': 0.0004586179547785778, 'lr': 0.0, 'momentum': 0.9},0.16103799840229802,0.21951500229422966,0.11568610947451112,0.037872794097017645,0.10240103839979647,{'f1_at_008': 0.13620124982659004, 'f1_at_01': 0.19322070150162765, 'f1_at_02': 0.20598002917087402, 'f1_at_03': 0.0987882867721306, 'mAP': 0.13498573297142547, 'loss': 0.006600471950117002, 'loss/mean': 0.006600471950117002, 'loss/std': 0.0020452690827476865, 'lr': 0.0, 'momentum': 0.9},0.13620124982659004,0.19322070150162765,0.20598002917087402,0.0987882867721306,0.13498573297142547
11,{'lr': 9.358222275240867e-05, 'momentum': 0.9},{'f1_at_008': 0.15951859331672757, 'f1_at_01': 0.2204991358555873, 'f1_at_02': 0.12027326543781387, 'f1_at_03': 0.03880144768958842, 'mAP': 0.09989455879133265, 'loss': 0.007373336964556438, 'loss/mean': 0.007373336964556438, 'loss/std': 0.0004835480312793983, 'lr': 2.412295168563663e-05, 'momentum': 0.9},0.15951859331672757,0.2204991358555873,0.12027326543781387,0.03880144768958842,0.09989455879133265,{'f1_at_008': 0.13503711249420777, 'f1_at_01': 0.1989528528374629, 'f1_at_02': 0.20640637271401324, 'f1_at_03': 0.09940536295299, 'mAP': 0.12480089770722758, 'loss': 0.006531983078559293, 'loss/mean': 0.006531983078559293, 'loss/std': 0.0020088743130577008, 'lr': 2.412295168563663e-05, 'momentum': 0.9},0.13503711249420777,0.1989528528374629,0.20640637271401324,0.09940536295299,0.12480089770722758
12,{'lr': 0.00019999999999999985, 'momentum': 0.9},{'f1_at_008': 0.16080121120541302, 'f1_at_01': 0.22431686746980073, 'f1_at_02': 0.1276732357786141, 'f1_at_03': 0.04499340684005274, 'mAP': 0.09977460481470342, 'loss': 0.007338597703787493, 'loss/mean': 0.007338597703787493, 'loss/std': 0.00041993202579254597, 'lr': 9.358222275240867e-05, 'momentum': 0.9},0.16080121120541302,0.22431686746980073,0.1276732357786141,0.04499340684005274,0.09977460481470342,{'f1_at_008': 0.1400148756931475, 'f1_at_01': 0.2021655849480393, 'f1_at_02': 0.2202961965668125, 'f1_at_03': 0.10596880960394928, 'mAP': 0.13789998889000563, 'loss': 0.006451281667813955, 'loss/mean': 0.006451281667813955, 'loss/std': 0.001996956348132089, 'lr': 9.358222275240867e-05, 'momentum': 0.9},0.1400148756931475,0.2021655849480393,0.2202961965668125,0.10596880960394928,0.13789998889000563
13,{'lr': 0.00033054072893322795, 'momentum': 0.9},{'f1_at_008': 0.1747687818336051, 'f1_at_01': 0.2449942598246613, 'f1_at_02': 0.1509653267922774, 'f1_at_03': 0.05972280672221754, 'mAP': 0.10933929107850494, 'loss': 0.007154398102759463, 'loss/mean': 0.007154398102759463, 'loss/std': 0.0004599586798144667, 'lr': 0.00019999999999999985, 'momentum': 0.9},0.1747687818336051,0.2449942598246613,0.1509653267922774,0.05972280672221754,0.10933929107850494,{'f1_at_008': 0.14975752406835585, 'f1_at_01': 0.2078862129902725, 'f1_at_02': 0.2635476270615954, 'f1_at_03': 0.14243240210927857, 'mAP': 0.15233602625347387, 'loss': 0.006242838427386814, 'loss/mean': 0.006242838427386814, 'loss/std': 0.0021157934489510217, 'lr': 0.00019999999999999985, 'momentum': 0.9},0.14975752406835585,0.2078862129902725,0.2635476270615954,0.14243240210927857,0.15233602625347387
14,{'lr': 0.00046945927106677214, 'momentum': 0.9},{'f1_at_008': 0.1922450764476613, 'f1_at_01': 0.2638036698406196, 'f1_at_02': 0.18924212728606296, 'f1_at_03': 0.08285497853716016, 'mAP': 0.12712385617341057, 'loss': 0.006855526682550373, 'loss/mean': 0.006855526682550373, 'loss/std': 0.00042438699431965646, 'lr': 0.00033054072893322795, 'momentum': 0.9},0.1922450764476613,0.2638036698406196,0.18924212728606296,0.08285497853716016,0.12712385617341057,{'f1_at_008': 0.1847554731279687, 'f1_at_01': 0.26259815530461184, 'f1_at_02': 0.24051706175570195, 'f1_at_03': 0.12515426904521484, 'mAP': 0.1732876201302031, 'loss': 0.006257443826737146, 'loss/mean': 0.006257443826737146, 'loss/std': 0.0019860512106186787, 'lr': 0.00033054072893322795, 'momentum': 0.9},0.1847554731279687,0.26259815530461184,0.24051706175570195,0.12515426904521484,0.1732876201302031
15,{'lr': 0.0005999999999999998, 'momentum': 0.9},{'f1_at_008': 0.22076356807796177, 'f1_at_01': 0.3025706828579381, 'f1_at_02': 0.25305830437553356, 'f1_at_03': 0.1247678366018573, 'mAP': 0.15896769374269784, 'loss': 0.006434892791577107, 'loss/mean': 0.006434892791577107, 'loss/std': 0.0005170697437451697, 'lr': 0.00046945927106677214, 'momentum': 0.9},0.22076356807796177,0.3025706828579381,0.25305830437553356,0.1247678366018573,0.15896769374269784,{'f1_at_008': 0.20819098491015775, 'f1_at_01': 0.2799313822549517, 'f1_at_02': 0.3399427996365054, 'f1_at_03': 0.2103332211376641, 'mAP': 0.2097425572168569, 'loss': 0.005786645095463113, 'loss/mean': 0.005786645095463113, 'loss/std': 0.0021226124003479, 'lr': 0.00046945927106677214, 'momentum': 0.9},0.20819098491015775,0.2799313822549517,0.3399427996365054,0.2103332211376641,0.2097425572168569
16,{'lr': 0.0007064177772475912, 'momentum': 0.9},{'f1_at_008': 0.2580180120003714, 'f1_at_01': 0.34451027648966026, 'f1_at_02': 0.33208864894329077, 'f1_at_03': 0.18924773848601809, 'mAP': 0.19212546482685983, 'loss': 0.005941318083962438, 'loss/mean': 0.005941318083962438, 'loss/std': 0.0005061558613332375, 'lr': 0.0005999999999999998, 'momentum': 0.9},0.2580180120003714,0.34451027648966026,0.33208864894329077,0.18924773848601809,0.19212546482685983,{'f1_at_008': 0.2576951034011138, 'f1_at_01': 0.32027217110321793, 'f1_at_02': 0.399471150413594, 'f1_at_03': 0.3230674295972175, 'mAP': 0.21545775063684813, 'loss': 0.0055281110035800395, 'loss/mean': 0.0055281110035800395, 'loss/std': 0.0023488790861446295, 'lr': 0.0005999999999999998, 'momentum': 0.9},0.2576951034011138,0.32027217110321793,0.399471150413594,0.3230674295972175,0.21545775063684813
17,{'lr': 0.0007758770483143635, 'momentum': 0.9},{'f1_at_008': 0.29975285088557146, 'f1_at_01': 0.3842176441602366, 'f1_at_02': 0.4022208995822328, 'f1_at_03': 0.26541677187666585, 'mAP': 0.23207812539106393, 'loss': 0.005450371446643097, 'loss/mean': 0.005450371446643097, 'loss/std': 0.0005180856023198701, 'lr': 0.0007064177772475912, 'momentum': 0.9},0.29975285088557146,0.3842176441602366,0.4022208995822328,0.26541677187666585,0.23207812539106393,{'f1_at_008': 0.27078682880310917, 'f1_at_01': 0.35274788497270426, 'f1_at_02': 0.4693740064490653, 'f1_at_03': 0.3728112494857699, 'mAP': 0.29710702547113704, 'loss': 0.004816640939253803, 'loss/mean': 0.004816640939253803, 'loss/std': 0.0020776214005706083, 'lr': 0.0007064177772475912, 'momentum': 0.9},0.27078682880310917,0.35274788497270426,0.4693740064490653,0.3728112494857699,0.29710702547113704
18,{'lr': 0.0008000000000000001, 'momentum': 0.9},{'f1_at_008': 0.3346655413104813, 'f1_at_01': 0.41745868671323055, 'f1_at_02': 0.4648681434810549, 'f1_at_03': 0.33639404250884763, 'mAP': 0.2675691992863462, 'loss': 0.0050251291363687615, 'loss/mean': 0.0050251291363687615, 'loss/std': 0.0005094823289310378, 'lr': 0.0007758770483143635, 'momentum': 0.9},0.3346655413104813,0.41745868671323055,0.4648681434810549,0.33639404250884763,0.2675691992863462,{'f1_at_008': 0.3170509153374744, 'f1_at_01': 0.38581370720050295, 'f1_at_02': 0.5010234464290338, 'f1_at_03': 0.44043478493158733, 'mAP': 0.31978769972004767, 'loss': 0.004698129273946038, 'loss/mean': 0.004698129273946038, 'loss/std': 0.0022796388241257876, 'lr': 0.0007758770483143635, 'momentum': 0.9},0.3170509153374744,0.38581370720050295,0.5010234464290338,0.44043478493158733,0.31978769972004767
19,{'lr': 0.0007758770483143636, 'momentum': 0.9},{'f1_at_008': 0.3684874939039046, 'f1_at_01': 0.4508342068219652, 'f1_at_02': 0.5130122269504477, 'f1_at_03': 0.38629284050965723, 'mAP': 0.3095902915240102, 'loss': 0.004646748669417925, 'loss/mean': 0.004646748669417925, 'loss/std': 0.0005201437919936472, 'lr': 0.0008000000000000001, 'momentum': 0.9},0.3684874939039046,0.4508342068219652,0.5130122269504477,0.38629284050965723,0.3095902915240102,{'f1_at_008': 0.281605090902867, 'f1_at_01': 0.35900951807991266, 'f1_at_02': 0.5008038018303922, 'f1_at_03': 0.4057780769662291, 'mAP': 0.3452844007068664, 'loss': 0.0046629640117014275, 'loss/mean': 0.0046629640117014275, 'loss/std': 0.0018394885436876902, 'lr': 0.0008000000000000001, 'momentum': 0.9},0.281605090902867,0.35900951807991266,0.5008038018303922,0.4057780769662291,0.3452844007068664
20,{'lr': 0.0007064177772475914, 'momentum': 0.9},{'f1_at_008': 0.40259474360819714, 'f1_at_01': 0.48449363030899545, 'f1_at_02': 0.5546621055627031, 'f1_at_03': 0.4365382637076939, 'mAP': 0.3533038459471753, 'loss': 0.004294018659029866, 'loss/mean': 0.004294018659029866, 'loss/std': 0.0004973506365718528, 'lr': 0.0007758770483143636, 'momentum': 0.9},0.40259474360819714,0.48449363030899545,0.5546621055627031,0.4365382637076939,0.3533038459471753,{'f1_at_008': 0.34689961146543924, 'f1_at_01': 0.42881669338992084, 'f1_at_02': 0.5697369387036165, 'f1_at_03': 0.4834212199409103, 'mAP': 0.4021413552519591, 'loss': 0.004088376686340609, 'loss/mean': 0.004088376686340609, 'loss/std': 0.0017077410004329703, 'lr': 0.0007758770483143636, 'momentum': 0.9},0.34689961146543924,0.42881669338992084,0.5697369387036165,0.4834212199409103,0.4021413552519591
21,{'lr': 0.0006000000000000001, 'momentum': 0.9},{'f1_at_008': 0.4283258418148018, 'f1_at_01': 0.5126207587526138, 'f1_at_02': 0.592633794022566, 'f1_at_03': 0.4798287381613701, 'mAP': 0.3937632698421835, 'loss': 0.00398723844344099, 'loss/mean': 0.00398723844344099, 'loss/std': 0.0005085727977559189, 'lr': 0.0007064177772475914, 'momentum': 0.9},0.4283258418148018,0.5126207587526138,0.592633794022566,0.4798287381613701,0.3937632698421835,{'f1_at_008': 0.375503019317393, 'f1_at_01': 0.4574480808258041, 'f1_at_02': 0.6141230305653059, 'f1_at_03': 0.5543753639680937, 'mAP': 0.42234188175204607, 'loss': 0.0037293851802527446, 'loss/mean': 0.0037293851802527446, 'loss/std': 0.0016148455465818785, 'lr': 0.0007064177772475914, 'momentum': 0.9},0.375503019317393,0.4574480808258041,0.6141230305653059,0.5543753639680937,0.42234188175204607
22,{'lr': 0.00046945927106677263, 'momentum': 0.9},{'f1_at_008': 0.4559422639745744, 'f1_at_01': 0.538765405372338, 'f1_at_02': 0.6295071933275788, 'f1_at_03': 0.5236291820291483, 'mAP': 0.4419583466610327, 'loss': 0.0036872270880455933, 'loss/mean': 0.0036872270880455933, 'loss/std': 0.00046286703262673264, 'lr': 0.0006000000000000001, 'momentum': 0.9},0.4559422639745744,0.538765405372338,0.6295071933275788,0.5236291820291483,0.4419583466610327,{'f1_at_008': 0.44928984528069915, 'f1_at_01': 0.5199252879717963, 'f1_at_02': 0.642810286314157, 'f1_at_03': 0.582933168779685, 'mAP': 0.4614597963033951, 'loss': 0.0036725320987145084, 'loss/mean': 0.0036725320987145084, 'loss/std': 0.0018210119672805037, 'lr': 0.0006000000000000001, 'momentum': 0.9},0.44928984528069915,0.5199252879717963,0.642810286314157,0.582933168779685,0.4614597963033951
23,{'lr': 0.0003305407289332281, 'momentum': 0.9},{'f1_at_008': 0.4816698054798667, 'f1_at_01': 0.5633676349867003, 'f1_at_02': 0.6602112543910372, 'f1_at_03': 0.5591269021451665, 'mAP': 0.47904392792782113, 'loss': 0.003446984097404521, 'loss/mean': 0.003446984097404521, 'loss/std': 0.00047066578488224437, 'lr': 0.00046945927106677263, 'momentum': 0.9},0.4816698054798667,0.5633676349867003,0.6602112543910372,0.5591269021451665,0.47904392792782113,{'f1_at_008': 0.43988745448129296, 'f1_at_01': 0.5217301779849389, 'f1_at_02': 0.6601924628346709, 'f1_at_03': 0.6053821865333141, 'mAP': 0.46447942439403345, 'loss': 0.0034581841781825703, 'loss/mean': 0.0034581841781825703, 'loss/std': 0.0016403670196125277, 'lr': 0.00046945927106677263, 'momentum': 0.9},0.43988745448129296,0.5217301779849389,0.6601924628346709,0.6053821865333141,0.46447942439403345
24,{'lr': 0.00020000000000000033, 'momentum': 0.9},{'f1_at_008': 0.5071201038611389, 'f1_at_01': 0.5880157288806541, 'f1_at_02': 0.6900232196798144, 'f1_at_03': 0.5898363132813095, 'mAP': 0.5126883931793529, 'loss': 0.0031998849386452323, 'loss/mean': 0.0031998849386452323, 'loss/std': 0.0005051484015275548, 'lr': 0.0003305407289332281, 'momentum': 0.9},0.5071201038611389,0.5880157288806541,0.6900232196798144,0.5898363132813095,0.5126883931793529,{'f1_at_008': 0.47850273674009175, 'f1_at_01': 0.5537843233207241, 'f1_at_02': 0.6861387070239309, 'f1_at_03': 0.6340859428540343, 'mAP': 0.4994259839444085, 'loss': 0.0033386373856847526, 'loss/mean': 0.0033386373856847526, 'loss/std': 0.0016138083446008938, 'lr': 0.0003305407289332281, 'momentum': 0.9},0.47850273674009175,0.5537843233207241,0.6861387070239309,0.6340859428540343,0.4994259839444085
25,{'lr': 9.358222275240867e-05, 'momentum': 0.9},{'f1_at_008': 0.5290016028378832, 'f1_at_01': 0.6129480858835334, 'f1_at_02': 0.7134804818669813, 'f1_at_03': 0.6231729866146161, 'mAP': 0.5599938770924273, 'loss': 0.0029791800946300747, 'loss/mean': 0.0029791800946300747, 'loss/std': 0.0005000182740324627, 'lr': 0.00020000000000000033, 'momentum': 0.9},0.5290016028378832,0.6129480858835334,0.7134804818669813,0.6231729866146161,0.5599938770924273,{'f1_at_008': 0.4978091506718346, 'f1_at_01': 0.5712607716823911, 'f1_at_02': 0.6982586451283859, 'f1_at_03': 0.6569404678122281, 'mAP': 0.5178249061181679, 'loss': 0.0032263888295041474, 'loss/mean': 0.0032263888295041474, 'loss/std': 0.0015412380079102758, 'lr': 0.00020000000000000033, 'momentum': 0.9},0.4978091506718346,0.5712607716823911,0.6982586451283859,0.6569404678122281,0.5178249061181679
26,{'lr': 2.4122951685636632e-05, 'momentum': 0.9},{'f1_at_008': 0.5472987439144181, 'f1_at_01': 0.6297673413091258, 'f1_at_02': 0.7304188890629425, 'f1_at_03': 0.6438063708495491, 'mAP': 0.5907505216149171, 'loss': 0.002813382741079825, 'loss/mean': 0.002813382741079825, 'loss/std': 0.00043161597666729125, 'lr': 9.358222275240867e-05, 'momentum': 0.9},0.5472987439144181,0.6297673413091258,0.7304188890629425,0.6438063708495491,0.5907505216149171,{'f1_at_008': 0.5151844235281621, 'f1_at_01': 0.5884481600623865, 'f1_at_02': 0.7144106837476074, 'f1_at_03': 0.6746871513616717, 'mAP': 0.536325663704935, 'loss': 0.0031339784263461094, 'loss/mean': 0.0031339784263461094, 'loss/std': 0.001484537021701442, 'lr': 9.358222275240867e-05, 'momentum': 0.9},0.5151844235281621,0.5884481600623865,0.7144106837476074,0.6746871513616717,0.536325663704935
27,{'lr': 0.0, 'momentum': 0.9},{'f1_at_008': 0.559745487985787, 'f1_at_01': 0.6425156988293608, 'f1_at_02': 0.7438918019761384, 'f1_at_03': 0.6562450651500396, 'mAP': 0.6018157279927104, 'loss': 0.002720303284908923, 'loss/mean': 0.002720303284908923, 'loss/std': 0.00044315664047003876, 'lr': 2.4122951685636632e-05, 'momentum': 0.9},0.559745487985787,0.6425156988293608,0.7438918019761384,0.6562450651500396,0.6018157279927104,{'f1_at_008': 0.5030055882125353, 'f1_at_01': 0.5781298185337125, 'f1_at_02': 0.7164707949965439, 'f1_at_03': 0.6755240776277464, 'mAP': 0.5289701507281273, 'loss': 0.0031173643993056407, 'loss/mean': 0.0031173643993056407, 'loss/std': 0.0015148997933593855, 'lr': 2.4122951685636632e-05, 'momentum': 0.9},0.5030055882125353,0.5781298185337125,0.7164707949965439,0.6755240776277464,0.5289701507281273
28,{'lr': 2.412295168563663e-05, 'momentum': 0.9},{'f1_at_008': 0.5539756004188378, 'f1_at_01': 0.6409323346584337, 'f1_at_02': 0.7467794505712189, 'f1_at_03': 0.6608935435128517, 'mAP': 0.6121953272884152, 'loss': 0.0026802567341882694, 'loss/mean': 0.0026802567341882694, 'loss/std': 0.0004018520233856328, 'lr': 0.0, 'momentum': 0.9},0.5539756004188378,0.6409323346584337,0.7467794505712189,0.6608935435128517,0.6121953272884152,{'f1_at_008': 0.507427421582155, 'f1_at_01': 0.5799995566014187, 'f1_at_02': 0.7154551720017892, 'f1_at_03': 0.6789343888468762, 'mAP': 0.5368557559179711, 'loss': 0.003077075259652815, 'loss/mean': 0.003077075259652815, 'loss/std': 0.001524393659624206, 'lr': 0.0, 'momentum': 0.9},0.507427421582155,0.5799995566014187,0.7154551720017892,0.6789343888468762,0.5368557559179711
29,{'lr': 9.358222275240928e-05, 'momentum': 0.9},{'f1_at_008': 0.5621926320721243, 'f1_at_01': 0.6433515127091364, 'f1_at_02': 0.7462629683907354, 'f1_at_03': 0.662718252298254, 'mAP': 0.6132546709469873, 'loss': 0.002695506397459469, 'loss/mean': 0.002695506397459469, 'loss/std': 0.0004459329203421861, 'lr': 2.412295168563663e-05, 'momentum': 0.9},0.5621926320721243,0.6433515127091364,0.7462629683907354,0.662718252298254,0.6132546709469873,{'f1_at_008': 0.5091623240793144, 'f1_at_01': 0.5845508029082738, 'f1_at_02': 0.7144705177017528, 'f1_at_03': 0.674165077228019, 'mAP': 0.5270972764565155, 'loss': 0.0031271299642884687, 'loss/mean': 0.0031271299642884687, 'loss/std': 0.001503884986419898, 'lr': 2.412295168563663e-05, 'momentum': 0.9},0.5091623240793144,0.5845508029082738,0.7144705177017528,0.674165077228019,0.5270972764565155
30,{'lr': 0.00020000000000000023, 'momentum': 0.9},{'f1_at_008': 0.5597517095545526, 'f1_at_01': 0.6417185524214176, 'f1_at_02': 0.7438705100602248, 'f1_at_03': 0.6627683522978532, 'mAP': 0.6010480566445734, 'loss': 0.0027085606155117644, 'loss/mean': 0.0027085606155117644, 'loss/std': 0.0004014204511012452, 'lr': 9.358222275240928e-05, 'momentum': 0.9},0.5597517095545526,0.6417185524214176,0.7438705100602248,0.6627683522978532,0.6010480566445734,{'f1_at_008': 0.5220111801968923, 'f1_at_01': 0.5928027114696321, 'f1_at_02': 0.7121886752314218, 'f1_at_03': 0.6723321108376645, 'mAP': 0.5333593497661816, 'loss': 0.003165190452233319, 'loss/mean': 0.003165190452233319, 'loss/std': 0.0015387664126019444, 'lr': 9.358222275240928e-05, 'momentum': 0.9},0.5220111801968923,0.5928027114696321,0.7121886752314218,0.6723321108376645,0.5333593497661816
31,{'lr': 0.00033054072893322903, 'momentum': 0.9},{'f1_at_008': 0.5595380934182341, 'f1_at_01': 0.6371638669135332, 'f1_at_02': 0.7318457459270521, 'f1_at_03': 0.650602135195183, 'mAP': 0.5831161606764299, 'loss': 0.00278923764846659, 'loss/mean': 0.00278923764846659, 'loss/std': 0.0004356167036107449, 'lr': 0.00020000000000000023, 'momentum': 0.9},0.5595380934182341,0.6371638669135332,0.7318457459270521,0.650602135195183,0.5831161606764299,{'f1_at_008': 0.49648964591600775, 'f1_at_01': 0.5669947519811739, 'f1_at_02': 0.7021036687983844, 'f1_at_03': 0.6695784114161765, 'mAP': 0.5329005100682928, 'loss': 0.0032003789490326422, 'loss/mean': 0.0032003789490326422, 'loss/std': 0.001558415999685412, 'lr': 0.00020000000000000023, 'momentum': 0.9},0.49648964591600775,0.5669947519811739,0.7021036687983844,0.6695784114161765,0.5329005100682928
32,{'lr': 0.0004694592710667736, 'momentum': 0.9},{'f1_at_008': 0.5513708402817273, 'f1_at_01': 0.6329311595703769, 'f1_at_02': 0.7281091179205816, 'f1_at_03': 0.6457081668343346, 'mAP': 0.5643296820805379, 'loss': 0.0028727578348685936, 'loss/mean': 0.0028727578348685936, 'loss/std': 0.0004518728809092432, 'lr': 0.00033054072893322903, 'momentum': 0.9},0.5513708402817273,0.6329311595703769,0.7281091179205816,0.6457081668343346,0.5643296820805379,{'f1_at_008': 0.5134750008590111, 'f1_at_01': 0.5832612235256788, 'f1_at_02': 0.6987179823430245, 'f1_at_03': 0.6632682064186608, 'mAP': 0.5332439346235478, 'loss': 0.0033080021312221434, 'loss/mean': 0.0033080021312221434, 'loss/std': 0.0015572137010672383, 'lr': 0.00033054072893322903, 'momentum': 0.9},0.5134750008590111,0.5832612235256788,0.6987179823430245,0.6632682064186608,0.5332439346235478
33,{'lr': 0.0006000000000000025, 'momentum': 0.9},{'f1_at_008': 0.5411865263598941, 'f1_at_01': 0.6178976347101169, 'f1_at_02': 0.715240644568984, 'f1_at_03': 0.6264000277887998, 'mAP': 0.5492028979024205, 'loss': 0.00300088329163076, 'loss/mean': 0.00300088329163076, 'loss/std': 0.0004714491916420248, 'lr': 0.0004694592710667736, 'momentum': 0.9},0.5411865263598941,0.6178976347101169,0.715240644568984,0.6264000277887998,0.5492028979024205,{'f1_at_008': 0.4817062699027216, 'f1_at_01': 0.5504631257316652, 'f1_at_02': 0.6961249080400881, 'f1_at_03': 0.6535201026954645, 'mAP': 0.5253995951735763, 'loss': 0.0032719974264217894, 'loss/mean': 0.0032719974264217894, 'loss/std': 0.0015132970996121135, 'lr': 0.0004694592710667736, 'momentum': 0.9},0.4817062699027216,0.5504631257316652,0.6961249080400881,0.6535201026954645,0.5253995951735763
34,{'lr': 0.0007064177772475941, 'momentum': 0.9},{'f1_at_008': 0.5352788801165791, 'f1_at_01': 0.6139577450140026, 'f1_at_02': 0.7089622522919384, 'f1_at_03': 0.626834628585323, 'mAP': 0.5458752131056586, 'loss': 0.003036251547763999, 'loss/mean': 0.003036251547763999, 'loss/std': 0.000510491026337838, 'lr': 0.0006000000000000025, 'momentum': 0.9},0.5352788801165791,0.6139577450140026,0.7089622522919384,0.626834628585323,0.5458752131056586,{'f1_at_008': 0.4234119414330388, 'f1_at_01': 0.5022009153147923, 'f1_at_02': 0.6627606751302477, 'f1_at_03': 0.6172957638120882, 'mAP': 0.5172926538241799, 'loss': 0.003470332210037754, 'loss/mean': 0.003470332210037754, 'loss/std': 0.0016113505853255431, 'lr': 0.0006000000000000025, 'momentum': 0.9},0.4234119414330388,0.5022009153147923,0.6627606751302477,0.6172957638120882,0.5172926538241799
35,{'lr': 0.0007758770483143663, 'momentum': 0.9},{'f1_at_008': 0.527050011439823, 'f1_at_01': 0.6074032944379365, 'f1_at_02': 0.7068970756539142, 'f1_at_03': 0.6240766570073867, 'mAP': 0.5386417261692393, 'loss': 0.0030627111942262667, 'loss/mean': 0.0030627111942262667, 'loss/std': 0.000476356807281451, 'lr': 0.0007064177772475941, 'momentum': 0.9},0.527050011439823,0.6074032944379365,0.7068970756539142,0.6240766570073867,0.5386417261692393,{'f1_at_008': 0.4933342330506425, 'f1_at_01': 0.5585887446822406, 'f1_at_02': 0.6852059530282351, 'f1_at_03': 0.6484103913588934, 'mAP': 0.531657657583989, 'loss': 0.003506761503655705, 'loss/mean': 0.003506761503655705, 'loss/std': 0.0017837063032961759, 'lr': 0.0007064177772475941, 'momentum': 0.9},0.4933342330506425,0.5585887446822406,0.6852059530282351,0.6484103913588934,0.531657657583989
36,{'lr': 0.0008000000000000031, 'momentum': 0.9},{'f1_at_008': 0.5358975746696548, 'f1_at_01': 0.614871163374162, 'f1_at_02': 0.7169622688097563, 'f1_at_03': 0.6359516929123865, 'mAP': 0.5567810621856917, 'loss': 0.0030060160134024352, 'loss/mean': 0.0030060160134024352, 'loss/std': 0.00048685059037583865, 'lr': 0.0007758770483143663, 'momentum': 0.9},0.5358975746696548,0.614871163374162,0.7169622688097563,0.6359516929123865,0.5567810621856917,{'f1_at_008': 0.46378760621959536, 'f1_at_01': 0.5352195791853191, 'f1_at_02': 0.6698381371050506, 'f1_at_03': 0.6311888661097682, 'mAP': 0.5263006247087251, 'loss': 0.003559700798936682, 'loss/mean': 0.003559700798936682, 'loss/std': 0.0016364285265076653, 'lr': 0.0007758770483143663, 'momentum': 0.9},0.46378760621959536,0.5352195791853191,0.6698381371050506,0.6311888661097682,0.5263006247087251
37,{'lr': 0.0007758770483143664, 'momentum': 0.9},{'f1_at_008': 0.5486764470643959, 'f1_at_01': 0.6275195064952469, 'f1_at_02': 0.7320557711980994, 'f1_at_03': 0.6536496179708031, 'mAP': 0.5892024232140883, 'loss': 0.002856416581202493, 'loss/mean': 0.002856416581202493, 'loss/std': 0.0004719791634722691, 'lr': 0.0008000000000000031, 'momentum': 0.9},0.5486764470643959,0.6275195064952469,0.7320557711980994,0.6536496179708031,0.5892024232140883,{'f1_at_008': 0.5019472992158527, 'f1_at_01': 0.569007561347612, 'f1_at_02': 0.6994189867128273, 'f1_at_03': 0.663286700210295, 'mAP': 0.556323825391367, 'loss': 0.003354968472867602, 'loss/mean': 0.003354968472867602, 'loss/std': 0.001578253096358802, 'lr': 0.0008000000000000031, 'momentum': 0.9},0.5019472992158527,0.569007561347612,0.6994189867128273,0.663286700210295,0.556323825391367
38,{'lr': 0.0007064177772475943, 'momentum': 0.9},{'f1_at_008': 0.5647160178311621, 'f1_at_01': 0.6420721973113761, 'f1_at_02': 0.751142504681769, 'f1_at_03': 0.6792702233658382, 'mAP': 0.604815969704863, 'loss': 0.002707096506973093, 'loss/mean': 0.002707096506973093, 'loss/std': 0.00048788259177454297, 'lr': 0.0007758770483143664, 'momentum': 0.9},0.5647160178311621,0.6420721973113761,0.751142504681769,0.6792702233658382,0.604815969704863,{'f1_at_008': 0.5370986444605321, 'f1_at_01': 0.5983574749948717, 'f1_at_02': 0.6984522340294808, 'f1_at_03': 0.6612627695428099, 'mAP': 0.5796439845861517, 'loss': 0.0035189501174767287, 'loss/mean': 0.0035189501174767287, 'loss/std': 0.0016997827112616457, 'lr': 0.0007758770483143664, 'momentum': 0.9},0.5370986444605321,0.5983574749948717,0.6984522340294808,0.6612627695428099,0.5796439845861517
39,{'lr': 0.0006000000000000029, 'momentum': 0.9},{'f1_at_008': 0.5838576282052635, 'f1_at_01': 0.6627058647852456, 'f1_at_02': 0.7657055515442858, 'f1_at_03': 0.6982017440143861, 'mAP': 0.6364258279648475, 'loss': 0.002544740592027233, 'loss/mean': 0.002544740592027233, 'loss/std': 0.00045903951093774123, 'lr': 0.0007064177772475943, 'momentum': 0.9},0.5838576282052635,0.6627058647852456,0.7657055515442858,0.6982017440143861,0.6364258279648475,{'f1_at_008': 0.5639239744752652, 'f1_at_01': 0.6226501325730145, 'f1_at_02': 0.7093058293664151, 'f1_at_03': 0.6712946651687817, 'mAP': 0.5655392030648664, 'loss': 0.0036159299125312475, 'loss/mean': 0.0036159299125312475, 'loss/std': 0.0018952012259588209, 'lr': 0.0007064177772475943, 'momentum': 0.9},0.5639239744752652,0.6226501325730145,0.7093058293664151,0.6712946651687817,0.5655392030648664
40,{'lr': 0.00046945927106677415, 'momentum': 0.9},{'f1_at_008': 0.6193534883410117, 'f1_at_01': 0.6938392257406629, 'f1_at_02': 0.7961142865401766, 'f1_at_03': 0.7330495001356039, 'mAP': 0.6823609013218889, 'loss': 0.0022674675365520662, 'loss/mean': 0.0022674675365520662, 'loss/std': 0.00042086304115098155, 'lr': 0.0006000000000000029, 'momentum': 0.9},0.6193534883410117,0.6938392257406629,0.7961142865401766,0.7330495001356039,0.6823609013218889,{'f1_at_008': 0.5388032236464877, 'f1_at_01': 0.6072702175603191, 'f1_at_02': 0.7314287399275619, 'f1_at_03': 0.7029603628728502, 'mAP': 0.5945179879710277, 'loss': 0.0030948191457053436, 'loss/mean': 0.0030948191457053436, 'loss/std': 0.0015054473420801186, 'lr': 0.0006000000000000029, 'momentum': 0.9},0.5388032236464877,0.6072702175603191,0.7314287399275619,0.7029603628728502,0.5945179879710277
41,{'lr': 0.00033054072893323017, 'momentum': 0.9},{'f1_at_008': 0.6539554071054534, 'f1_at_01': 0.7239990358167127, 'f1_at_02': 0.8192656350934273, 'f1_at_03': 0.7669304598645563, 'mAP': 0.7263869117368763, 'loss': 0.002020553113397579, 'loss/mean': 0.002020553113397579, 'loss/std': 0.0003957029607305437, 'lr': 0.00046945927106677415, 'momentum': 0.9},0.6539554071054534,0.7239990358167127,0.8192656350934273,0.7669304598645563,0.7263869117368763,{'f1_at_008': 0.5791076495590851, 'f1_at_01': 0.6372173186717655, 'f1_at_02': 0.7338507896232567, 'f1_at_03': 0.6995226341406079, 'mAP': 0.6000621252430696, 'loss': 0.003320528404960846, 'loss/mean': 0.003320528404960846, 'loss/std': 0.0016413378362977683, 'lr': 0.00046945927106677415, 'momentum': 0.9},0.5791076495590851,0.6372173186717655,0.7338507896232567,0.6995226341406079,0.6000621252430696
42,{'lr': 0.00020000000000000055, 'momentum': 0.9},{'f1_at_008': 0.6810585626373594, 'f1_at_01': 0.7514195868601711, 'f1_at_02': 0.8451893069475764, 'f1_at_03': 0.7983285304133717, 'mAP': 0.7785831754083601, 'loss': 0.0017851539948826147, 'loss/mean': 0.0017851539948826147, 'loss/std': 0.0003577328068347784, 'lr': 0.00033054072893323017, 'momentum': 0.9},0.6810585626373594,0.7514195868601711,0.8451893069475764,0.7983285304133717,0.7785831754083601,{'f1_at_008': 0.6042457701198342, 'f1_at_01': 0.6655638278452677, 'f1_at_02': 0.7692056158060869, 'f1_at_03': 0.7441506808386646, 'mAP': 0.6314750207657475, 'loss': 0.0029699904026005337, 'loss/mean': 0.0029699904026005337, 'loss/std': 0.0013970710552217535, 'lr': 0.00033054072893323017, 'momentum': 0.9},0.6042457701198342,0.6655638278452677,0.7692056158060869,0.7441506808386646,0.6314750207657475
43,{'lr': 9.358222275240955e-05, 'momentum': 0.9},{'f1_at_008': 0.713714725825121, 'f1_at_01': 0.7766403842038507, 'f1_at_02': 0.8629667478291331, 'f1_at_03': 0.8254700928507848, 'mAP': 0.8258597160164619, 'loss': 0.0015764622223097009, 'loss/mean': 0.0015764622223097009, 'loss/std': 0.00035235959996601877, 'lr': 0.00020000000000000055, 'momentum': 0.9},0.713714725825121,0.7766403842038507,0.8629667478291331,0.8254700928507848,0.8258597160164619,{'f1_at_008': 0.6253632871417507, 'f1_at_01': 0.6796510077634592, 'f1_at_02': 0.7732655578835316, 'f1_at_03': 0.7545298637186889, 'mAP': 0.6531371407529463, 'loss': 0.002947338095178701, 'loss/mean': 0.002947338095178701, 'loss/std': 0.0014020878199889181, 'lr': 0.00020000000000000055, 'momentum': 0.9},0.6253632871417507,0.6796510077634592,0.7732655578835316,0.7545298637186889,0.6531371407529463
44,{'lr': 2.4122951685636987e-05, 'momentum': 0.9},{'f1_at_008': 0.737001830390289, 'f1_at_01': 0.7996748964675402, 'f1_at_02': 0.8848449019394227, 'f1_at_03': 0.8490476324076189, 'mAP': 0.8490142665760461, 'loss': 0.0013940584376769785, 'loss/mean': 0.0013940584376769785, 'loss/std': 0.0003526004241412437, 'lr': 9.358222275240955e-05, 'momentum': 0.9},0.737001830390289,0.7996748964675402,0.8848449019394227,0.8490476324076189,0.8490142665760461,{'f1_at_008': 0.6587736548239623, 'f1_at_01': 0.706814470078864, 'f1_at_02': 0.7797884937905133, 'f1_at_03': 0.7600836352771729, 'mAP': 0.6564696024125792, 'loss': 0.0030667297386927006, 'loss/mean': 0.0030667297386927006, 'loss/std': 0.0014931934525767726, 'lr': 9.358222275240955e-05, 'momentum': 0.9},0.6587736548239623,0.706814470078864,0.7797884937905133,0.7600836352771729,0.6564696024125792
45,{'lr': 0.0, 'momentum': 0.9},{'f1_at_008': 0.7466597600242054, 'f1_at_01': 0.8077714717681619, 'f1_at_02': 0.8958042920335656, 'f1_at_03': 0.8586108114220227, 'mAP': 0.8740590980491718, 'loss': 0.0013065081440989678, 'loss/mean': 0.0013065081440989678, 'loss/std': 0.00031955444749239876, 'lr': 2.4122951685636987e-05, 'momentum': 0.9},0.7466597600242054,0.8077714717681619,0.8958042920335656,0.8586108114220227,0.8740590980491718,{'f1_at_008': 0.6570781306530826, 'f1_at_01': 0.7094209182034891, 'f1_at_02': 0.778636463203949, 'f1_at_03': 0.7589945564364952, 'mAP': 0.653737326140616, 'loss': 0.0029869481669792175, 'loss/mean': 0.0029869481669792175, 'loss/std': 0.0014479417560884233, 'lr': 2.4122951685636987e-05, 'momentum': 0.9},0.6570781306530826,0.7094209182034891,0.778636463203949,0.7589945564364952,0.653737326140616
46,{'lr': 2.412295168563663e-05, 'momentum': 0.9},{'f1_at_008': 0.7539035598255945, 'f1_at_01': 0.8117701041909543, 'f1_at_02': 0.8927560978145946, 'f1_at_03': 0.8591724415266204, 'mAP': 0.8766164249614237, 'loss': 0.0012884182326880365, 'loss/mean': 0.0012884182326880365, 'loss/std': 0.00032380168411145187, 'lr': 0.0, 'momentum': 0.9},0.7539035598255945,0.8117701041909543,0.8927560978145946,0.8591724415266204,0.8766164249614237,{'f1_at_008': 0.6605535816598539, 'f1_at_01': 0.708525905868374, 'f1_at_02': 0.7851708129560704, 'f1_at_03': 0.7640594044498453, 'mAP': 0.6568862369696382, 'loss': 0.002991284900327667, 'loss/mean': 0.002991284900327667, 'loss/std': 0.001511692397924224, 'lr': 0.0, 'momentum': 0.9},0.6605535816598539,0.708525905868374,0.7851708129560704,0.7640594044498453,0.6568862369696382
47,{'lr': 9.358222275240985e-05, 'momentum': 0.9},{'f1_at_008': 0.7544854158232379, 'f1_at_01': 0.812188355200879, 'f1_at_02': 0.8927246644442166, 'f1_at_03': 0.8597840866126365, 'mAP': 0.8730403445386358, 'loss': 0.0012989496280874325, 'loss/mean': 0.0012989496280874325, 'loss/std': 0.0003060923649334357, 'lr': 2.412295168563663e-05, 'momentum': 0.9},0.7544854158232379,0.812188355200879,0.8927246644442166,0.8597840866126365,0.8730403445386358,{'f1_at_008': 0.6678038672148705, 'f1_at_01': 0.7125051722274774, 'f1_at_02': 0.7839008891179877, 'f1_at_03': 0.7651834982026836, 'mAP': 0.659281121919976, 'loss': 0.003029177252965588, 'loss/mean': 0.003029177252965588, 'loss/std': 0.0015443860917025904, 'lr': 2.412295168563663e-05, 'momentum': 0.9},0.6678038672148705,0.7125051722274774,0.7839008891179877,0.7651834982026836,0.659281121919976
48,{'lr': 0.0002000000000000005, 'momentum': 0.9},{'f1_at_008': 0.7569023707442972, 'f1_at_01': 0.8129730321465741, 'f1_at_02': 0.8924709407623305, 'f1_at_03': 0.857417222958844, 'mAP': 0.8658128469451851, 'loss': 0.0013314023890863196, 'loss/mean': 0.0013314023890863196, 'loss/std': 0.00034713158398480483, 'lr': 9.358222275240985e-05, 'momentum': 0.9},0.7569023707442972,0.8129730321465741,0.8924709407623305,0.857417222958844,0.8658128469451851,{'f1_at_008': 0.6654703293940053, 'f1_at_01': 0.7105047317151579, 'f1_at_02': 0.778183953747737, 'f1_at_03': 0.7571440676455823, 'mAP': 0.6584657371877738, 'loss': 0.003073668530654728, 'loss/mean': 0.003073668530654728, 'loss/std': 0.0015412964137655157, 'lr': 9.358222275240985e-05, 'momentum': 0.9},0.6654703293940053,0.7105047317151579,0.778183953747737,0.7571440676455823,0.6584657371877738
49,{'lr': 0.0003305407289332288, 'momentum': 0.9},{'f1_at_008': 0.7412366334636102, 'f1_at_01': 0.7980213555248219, 'f1_at_02': 0.8792972582131744, 'f1_at_03': 0.8435758744150293, 'mAP': 0.8471981690690294, 'loss': 0.001434079844853577, 'loss/mean': 0.001434079844853577, 'loss/std': 0.0003912366336002396, 'lr': 0.0002000000000000005, 'momentum': 0.9},0.7412366334636102,0.7980213555248219,0.8792972582131744,0.8435758744150293,0.8471981690690294,{'f1_at_008': 0.6468825337381884, 'f1_at_01': 0.6951800112713451, 'f1_at_02': 0.7702589194342812, 'f1_at_03': 0.7479519919102552, 'mAP': 0.6428133358823032, 'loss': 0.0031167515594285274, 'loss/mean': 0.0031167515594285274, 'loss/std': 0.0015934572271858875, 'lr': 0.0002000000000000005, 'momentum': 0.9},0.6468825337381884,0.6951800112713451,0.7702589194342812,0.7479519919102552,0.6428133358823032
50,{'lr': 0.00046945927106677507, 'momentum': 0.9},{'f1_at_008': 0.72112450516426, 'f1_at_01': 0.7819920944287769, 'f1_at_02': 0.8652385901186507, 'f1_at_03': 0.8262983581896132, 'mAP': 0.8257875179073912, 'loss': 0.0015672345359375984, 'loss/mean': 0.0015672345359375984, 'loss/std': 0.00036769720122909784, 'lr': 0.0003305407289332288, 'momentum': 0.9},0.72112450516426,0.7819920944287769,0.8652385901186507,0.8262983581896132,0.8257875179073912,{'f1_at_008': 0.5966666550005946, 'f1_at_01': 0.6556666285661482, 'f1_at_02': 0.7505870732730375, 'f1_at_03': 0.7333048472900373, 'mAP': 0.6293756825411506, 'loss': 0.0030730210327098505, 'loss/mean': 0.0030730210327098505, 'loss/std': 0.0015490629875527793, 'lr': 0.0003305407289332288, 'momentum': 0.9},0.5966666550005946,0.6556666285661482,0.7505870732730375,0.7333048472900373,0.6293756825411506
51,{'lr': 0.0006000000000000034, 'momentum': 0.9},{'f1_at_008': 0.6952178704633775, 'f1_at_01': 0.7560412847179214, 'f1_at_02': 0.8445710182979772, 'f1_at_03': 0.7979147044166823, 'mAP': 0.7817366999352916, 'loss': 0.001782676211672572, 'loss/mean': 0.001782676211672572, 'loss/std': 0.00038451818370586376, 'lr': 0.00046945927106677507, 'momentum': 0.9},0.6952178704633775,0.7560412847179214,0.8445710182979772,0.7979147044166823,0.7817366999352916,{'f1_at_008': 0.6089801601813358, 'f1_at_01': 0.6665264916286088, 'f1_at_02': 0.743798125656086, 'f1_at_03': 0.7136581470812371, 'mAP': 0.6096179276572645, 'loss': 0.0032303142960072675, 'loss/mean': 0.0032303142960072675, 'loss/std': 0.0015850337745758657, 'lr': 0.00046945927106677507, 'momentum': 0.9},0.6089801601813358,0.6665264916286088,0.743798125656086,0.7136581470812371,0.6096179276572645
52,{'lr': 0.000706417777247595, 'momentum': 0.9},{'f1_at_008': 0.656798699396521, 'f1_at_01': 0.723157706823001, 'f1_at_02': 0.8148646376489151, 'f1_at_03': 0.7629153122966775, 'mAP': 0.7422502165851762, 'loss': 0.0020742154502527074, 'loss/mean': 0.0020742154502527074, 'loss/std': 0.00039804998305882, 'lr': 0.0006000000000000034, 'momentum': 0.9},0.656798699396521,0.723157706823001,0.8148646376489151,0.7629153122966775,0.7422502165851762,{'f1_at_008': 0.5470623673207408, 'f1_at_01': 0.6071911393730097, 'f1_at_02': 0.7065020883600486, 'f1_at_03': 0.6746300821359723, 'mAP': 0.5739806277836038, 'loss': 0.003462198920308471, 'loss/mean': 0.003462198920308471, 'loss/std': 0.0017394371512866472, 'lr': 0.0006000000000000034, 'momentum': 0.9},0.5470623673207408,0.6071911393730097,0.7065020883600486,0.6746300821359723,0.5739806277836038
53,{'lr': 0.0007758770483143675, 'momentum': 0.9},{'f1_at_008': 0.6402659210088201, 'f1_at_01': 0.7075130082010491, 'f1_at_02': 0.8023697524034195, 'f1_at_03': 0.7446149848430801, 'mAP': 0.7132928946300531, 'loss': 0.002205500403426505, 'loss/mean': 0.002205500403426505, 'loss/std': 0.00045769352382121385, 'lr': 0.000706417777247595, 'momentum': 0.9},0.6402659210088201,0.7075130082010491,0.8023697524034195,0.7446149848430801,0.7132928946300531,{'f1_at_008': 0.5295524496049471, 'f1_at_01': 0.5922733139214521, 'f1_at_02': 0.7082275367027977, 'f1_at_03': 0.6712674905034379, 'mAP': 0.5701058832177377, 'loss': 0.003341397555818947, 'loss/mean': 0.003341397555818947, 'loss/std': 0.0015030579907636965, 'lr': 0.000706417777247595, 'momentum': 0.9},0.5295524496049471,0.5922733139214521,0.7082275367027977,0.6712674905034379,0.5701058832177377
54,{'lr': 0.0008000000000000043, 'momentum': 0.9},{'f1_at_008': 0.6381769646811453, 'f1_at_01': 0.7060317128640007, 'f1_at_02': 0.8062727815442232, 'f1_at_03': 0.7493423540052613, 'mAP': 0.724209711383444, 'loss': 0.0021817572462299517, 'loss/mean': 0.0021817572462299517, 'loss/std': 0.0004897797002813302, 'lr': 0.0007758770483143675, 'momentum': 0.9},0.6381769646811453,0.7060317128640007,0.8062727815442232,0.7493423540052613,0.724209711383444,{'f1_at_008': 0.6129313110663114, 'f1_at_01': 0.6640107750487448, 'f1_at_02': 0.729035073531876, 'f1_at_03': 0.6988545356434956, 'mAP': 0.5910124237706303, 'loss': 0.003604122092091588, 'loss/mean': 0.003604122092091588, 'loss/std': 0.0017830591535250785, 'lr': 0.0007758770483143675, 'momentum': 0.9},0.6129313110663114,0.6640107750487448,0.729035073531876,0.6988545356434956,0.5910124237706303
55,{'lr': 0.0007758770483143677, 'momentum': 0.9},{'f1_at_008': 0.6352967496536251, 'f1_at_01': 0.7044698501308327, 'f1_at_02': 0.8049616582484187, 'f1_at_03': 0.7502256503981949, 'mAP': 0.7170110815718713, 'loss': 0.0022114999373994883, 'loss/mean': 0.0022114999373994883, 'loss/std': 0.00046742996002172336, 'lr': 0.0008000000000000043, 'momentum': 0.9},0.6352967496536251,0.7044698501308327,0.8049616582484187,0.7502256503981949,0.7170110815718713,{'f1_at_008': 0.5797613047393037, 'f1_at_01': 0.6303401550209705, 'f1_at_02': 0.7005714693698537, 'f1_at_03': 0.6598093742152981, 'mAP': 0.5667165500476725, 'loss': 0.0037992432751438603, 'loss/mean': 0.0037992432751438603, 'loss/std': 0.0015832716486280005, 'lr': 0.0008000000000000043, 'momentum': 0.9},0.5797613047393037,0.6303401550209705,0.7005714693698537,0.6598093742152981,0.5667165500476725
56,{'lr': 0.0007064177772475955, 'momentum': 0.9},{'f1_at_008': 0.6603385445869315, 'f1_at_01': 0.7268892704854183, 'f1_at_02': 0.8265293829514013, 'f1_at_03': 0.7758086473935308, 'mAP': 0.7422386207636942, 'loss': 0.0019727904470301936, 'loss/mean': 0.0019727904470301936, 'loss/std': 0.00042359221564128936, 'lr': 0.0007758770483143677, 'momentum': 0.9},0.6603385445869315,0.7268892704854183,0.8265293829514013,0.7758086473935308,0.7422386207636942,{'f1_at_008': 0.5786010308196714, 'f1_at_01': 0.636584303557545, 'f1_at_02': 0.7448293357414866, 'f1_at_03': 0.7151362829922238, 'mAP': 0.620478593161341, 'loss': 0.0031991166727055025, 'loss/mean': 0.0031991166727055025, 'loss/std': 0.0014860956951032415, 'lr': 0.0007758770483143677, 'momentum': 0.9},0.5786010308196714,0.636584303557545,0.7448293357414866,0.7151362829922238,0.620478593161341
57,{'lr': 0.000600000000000004, 'momentum': 0.9},{'f1_at_008': 0.6860138901583492, 'f1_at_01': 0.748978878540096, 'f1_at_02': 0.8448536967432684, 'f1_at_03': 0.8032376866650076, 'mAP': 0.7860824351499656, 'loss': 0.001798097115072263, 'loss/mean': 0.001798097115072263, 'loss/std': 0.0003891342901197842, 'lr': 0.0007064177772475955, 'momentum': 0.9},0.6860138901583492,0.748978878540096,0.8448536967432684,0.8032376866650076,0.7860824351499656,{'f1_at_008': 0.5635543011368864, 'f1_at_01': 0.6260867049973871, 'f1_at_02': 0.7343111355901663, 'f1_at_03': 0.7020322771584974, 'mAP': 0.6191170640518018, 'loss': 0.0031829100238232656, 'loss/mean': 0.0031829100238232656, 'loss/std': 0.0013451918531204368, 'lr': 0.0007064177772475955, 'momentum': 0.9},0.5635543011368864,0.6260867049973871,0.7343111355901663,0.7020322771584974,0.6191170640518018
58,{'lr': 0.00046945927106677426, 'momentum': 0.9},{'f1_at_008': 0.7136976018112878, 'f1_at_01': 0.7761141616112804, 'f1_at_02': 0.8648233388995951, 'f1_at_03': 0.8265279619332309, 'mAP': 0.8339773926186906, 'loss': 0.0016076344277955233, 'loss/mean': 0.0016076344277955233, 'loss/std': 0.0003850373410335982, 'lr': 0.000600000000000004, 'momentum': 0.9},0.7136976018112878,0.7761141616112804,0.8648233388995951,0.8265279619332309,0.8339773926186906,{'f1_at_008': 0.618800909097751, 'f1_at_01': 0.6705763755970712, 'f1_at_02': 0.7542630244582449, 'f1_at_03': 0.7302387727833703, 'mAP': 0.6286298727070498, 'loss': 0.0032386833882427648, 'loss/mean': 0.0032386833882427648, 'loss/std': 0.0014921351019665074, 'lr': 0.000600000000000004, 'momentum': 0.9},0.618800909097751,0.6705763755970712,0.7542630244582449,0.7302387727833703,0.6286298727070498
59,{'lr': 0.00033054072893323077, 'momentum': 0.9},{'f1_at_008': 0.7441677253610752, 'f1_at_01': 0.8008146318138805, 'f1_at_02': 0.8876704550301049, 'f1_at_03': 0.8555569583555444, 'mAP': 0.8566671089634759, 'loss': 0.0013760416556648886, 'loss/mean': 0.0013760416556648886, 'loss/std': 0.00033137702632921745, 'lr': 0.00046945927106677426, 'momentum': 0.9},0.7441677253610752,0.8008146318138805,0.8876704550301049,0.8555569583555444,0.8566671089634759,{'f1_at_008': 0.6408853357995143, 'f1_at_01': 0.6897995641763831, 'f1_at_02': 0.7725430017082658, 'f1_at_03': 0.7512004936609447, 'mAP': 0.6478229465893476, 'loss': 0.003335752925208294, 'loss/mean': 0.003335752925208294, 'loss/std': 0.0016713792636977977, 'lr': 0.00046945927106677426, 'momentum': 0.9},0.6408853357995143,0.6897995641763831,0.7725430017082658,0.7512004936609447,0.6478229465893476
60,{'lr': 0.0002000000000000022, 'momentum': 0.9},{'f1_at_008': 0.7809060153492658, 'f1_at_01': 0.8305163848220406, 'f1_at_02': 0.9050205982703247, 'f1_at_03': 0.8800563196868222, 'mAP': 0.8991717749188588, 'loss': 0.0011854685521837042, 'loss/mean': 0.0011854685521837042, 'loss/std': 0.00033704860818017517, 'lr': 0.00033054072893323077, 'momentum': 0.9},0.7809060153492658,0.8305163848220406,0.9050205982703247,0.8800563196868222,0.8991717749188588,{'f1_at_008': 0.668095714834522, 'f1_at_01': 0.7089231482599976, 'f1_at_02': 0.7743167244513591, 'f1_at_03': 0.7582623367880857, 'mAP': 0.651528955438585, 'loss': 0.003285402346506479, 'loss/mean': 0.003285402346506479, 'loss/std': 0.0016554640830048547, 'lr': 0.00033054072893323077, 'momentum': 0.9},0.668095714834522,0.7089231482599976,0.7743167244513591,0.7582623367880857,0.651528955438585
